epoch_time,current,status,seconds_time,ect
1647313732,0.077702371,Idle,0,2787
1647313734,0.077702371,Idle,2,2785
1647313736,0.076314829,Idle,4,2783
1647313738,0.077702371,Idle,6,2781
1647313740,0.077702371,Idle,8,2779
1647313742,0.079089914,Idle,10,2777
1647313744,0.079089914,Idle,12,2775
1647313746,0.077702371,Idle,14,2773
1647313748,0.077702371,Idle,16,2771
1647313750,0.080477456,Idle,18,2769
1647313752,0.076314829,Idle,20,2767
1647313754,0.077702371,Idle,22,2765
1647313756,0.077702371,Idle,24,2763
1647313758,0.076314829,Idle,26,2761
1647313760,0.077702371,Idle,28,2759
1647313762,0.077702371,Idle,30,2757
1647313764,0.076314829,Idle,32,2755
1647313766,0.077702371,Idle,34,2753
1647313768,0.077702371,Idle,36,2751
1647313770,0.076314829,Idle,38,2749
1647313772,0.077702371,Idle,40,2747
1647313774,0.077702371,Idle,42,2745
1647313776,0.077702371,Idle,44,2743
1647313778,0.079089914,Idle,46,2741
1647313780,0.077702371,Idle,48,2739
1647313782,0.076314829,Idle,50,2737
1647313784,0.077702371,Idle,52,2735
1647313786,0.076314829,Idle,54,2733
1647313788,0.079089914,Idle,56,2731
1647313790,0.077702371,Idle,58,2729
1647313792,0.077702371,Idle,60,2727
1647313794,0.076314829,Idle,62,2725
1647313796,0.076314829,Idle,64,2723
1647313798,0.079089914,Idle,66,2721
1647313800,0.077702371,Idle,68,2719
1647313802,0.076314829,Idle,70,2717
1647313804,0.077702371,Idle,72,2715
1647313806,0.077702371,Idle,74,2713
1647313808,0.077702371,Idle,76,2711
1647313810,0.076314829,Idle,78,2709
1647313812,0.076314829,Idle,80,2707
1647313814,0.077702371,Idle,82,2705
1647313816,0.079089914,Idle,84,2703
1647313818,0.077702371,Idle,86,2701
1647313820,0.077702371,Idle,88,2699
1647313822,0.077702371,Idle,90,2697
1647313824,0.077702371,Idle,92,2695
1647313826,0.076314829,Idle,94,2693
1647313828,0.076314829,Idle,96,2691
1647313830,0.079089914,Idle,98,2689
1647313832,0.079089914,Idle,100,2687
1647313834,0.076314829,Idle,102,2685
1647313836,0.087415168,Idle,104,2683
1647313838,0.077702371,Idle,106,2681
1647313840,0.076314829,Idle,108,2679
1647313842,0.077702371,Idle,110,2677
1647313844,0.077702371,Idle,112,2675
1647313846,0.077702371,Idle,114,2673
1647313848,0.077702371,Idle,116,2671
1647313850,0.077702371,Idle,118,2669
1647313852,0.077702371,Idle,120,2667
1647313854,0.076314829,Idle,122,2665
1647313857,0.077702371,Idle,125,2662
1647313859,0.076314829,Idle,127,2660
1647313861,0.106840761,Start Up,129,2658
1647313863,0.111003388,Start Up,131,2656
1647313865,0.108228303,Start Up,133,2654
1647313867,0.108228303,Start Up,135,2652
1647313869,0.113778472,Start Up,137,2650
1647313871,0.11239093,Start Up,139,2648
1647313873,0.11239093,Start Up,141,2646
1647313875,0.11239093,Start Up,143,2644
1647313877,0.11239093,Start Up,145,2642
1647313879,0.113778472,Start Up,147,2640
1647313881,0.109615845,Start Up,149,2638
1647313883,0.113778472,Start Up,151,2636
1647313885,0.111003388,Start Up,153,2634
1647313887,0.11239093,Start Up,155,2632
1647313889,0.109615845,Start Up,157,2630
1647313891,0.111003388,Start Up,159,2628
1647313893,0.111003388,Start Up,161,2626
1647313895,0.11239093,Start Up,163,2624
1647313897,0.109615845,Start Up,165,2622
1647313899,0.11239093,Start Up,167,2620
1647313901,0.11239093,Start Up,169,2618
1647313903,0.11239093,Start Up,171,2616
1647313905,0.11239093,Start Up,173,2614
1647313907,0.115166015,Start Up,175,2612
1647313909,0.109615845,Start Up,177,2610
1647313911,0.11239093,Start Up,179,2608
1647313913,0.113778472,Start Up,181,2606
1647313915,0.111003388,Start Up,183,2604
1647313917,0.11239093,Start Up,185,2602
1647313919,0.11239093,Start Up,187,2600
1647313921,0.11239093,Start Up,189,2598
1647313923,0.111003388,Start Up,191,2596
1647313925,0.165117539,Start Up,193,2594
1647313927,0.11239093,Start Up,195,2592
1647313929,0.108228303,Start Up,197,2590
1647313931,0.104065676,Start Up,199,2588
1647313933,0.105453218,Start Up,201,2586
1647313935,0.120716184,Start Up,203,2584
1647313937,0.138754234,Start Up,205,2582
1647313939,0.144304404,Start Up,207,2580
1647313941,0.445401093,Start Up,209,2578
1647313943,0.810324729,Start Up,211,2576
1647313945,0.814487356,Start Up,213,2574
1647313947,0.352435755,Start Up,215,2572
1647313949,0.109615845,Start Up,217,2570
1647313951,0.11239093,Start Up,219,2568
1647313953,0.111003388,Start Up,221,2566
1647313955,0.442626008,Start Up,223,2564
1647313957,0.807549644,Start Up,225,2562
1647313959,0.416262703,Start Up,227,2560
1647313961,0.163729997,Start Up,229,2558
1647313963,0.138754234,Start Up,231,2556
1647313965,0.13597915,Start Up,233,2554
1647313967,0.13042898,Start Up,235,2552
1647313969,0.13042898,Start Up,237,2550
1647313971,0.131816523,Start Up,239,2548
1647313973,0.11239093,Start Up,241,2546
1647313975,0.11239093,Start Up,243,2544
1647313977,0.109615845,Start Up,245,2542
1647313979,0.11239093,Start Up,247,2540
1647313981,0.442626008,Start Up,249,2538
1647313983,0.813099814,Start Up,251,2536
1647313985,0.403774822,Start Up,253,2534
1647313987,0.482864736,Start Up,255,2532
1647313989,0.470376855,Start Up,257,2530
1647313991,0.756210578,Start Up,259,2528
1647313993,0.954629133,Start Up,261,2526
1647313995,1.09477091,Start Up,263,2524
1647313997,1.11835913,Start Up,265,2522
1647313999,0.442626008,Start Up,267,2520
1647314001,0.328847536,Start Up,269,2518
1647314003,0.338560332,Start Up,271,2516
1647314005,0.320522282,Start Up,273,2514
1647314007,0.108228303,Start Up,275,2512
1647314009,0.109615845,Start Up,277,2510
1647314011,0.113778472,Start Up,279,2508
1647314013,0.11239093,Start Up,281,2506
1647314015,0.11239093,Start Up,283,2504
1647314017,0.113778472,Start Up,285,2502
1647314019,0.113778472,Start Up,287,2500
1647314021,0.11239093,Start Up,289,2498
1647314023,0.445401093,Start Up,291,2496
1647314025,0.82281261,Start Up,293,2494
1647314027,0.421812873,Start Up,295,2492
1647314029,0.102678133,Start Up,297,2490
1647314031,0.138754234,Start Up,299,2488
1647314033,0.144304404,Start Up,301,2486
1647314035,0.133204065,Start Up,303,2484
1647314037,0.133204065,Start Up,305,2482
1647314039,0.134591607,Start Up,307,2480
1647314041,0.111003388,Start Up,309,2478
1647314043,0.111003388,Start Up,311,2476
1647314045,0.111003388,Start Up,313,2474
1647314047,0.109615845,Start Up,315,2472
1647314049,0.190093301,Start Up,317,2470
1647314051,0.463439143,Start Up,319,2468
1647314053,0.928265828,Start Up,321,2466
1647314055,0.867213965,Start Up,323,2464
1647314057,0.348273128,Start Up,325,2462
1647314059,0.167892624,Start Up,327,2460
1647314061,0.181768047,Start Up,329,2458
1647314063,0.178992962,Start Up,331,2456
1647314065,0.17760542,Start Up,333,2454
1647314067,0.176217878,Start Up,335,2452
1647314069,0.174830335,Start Up,337,2450
1647314071,0.174830335,Start Up,339,2448
1647314073,0.173442793,Start Up,341,2446
1647314075,0.173442793,Start Up,343,2444
1647314077,0.176217878,Start Up,345,2442
1647314079,0.174830335,Start Up,347,2440
1647314081,0.17760542,Start Up,349,2438
1647314083,0.172055251,Start Up,351,2436
1647314085,0.174830335,Start Up,353,2434
1647314087,0.174830335,Start Up,355,2432
1647314089,0.176217878,Start Up,357,2430
1647314091,0.178992962,Start Up,359,2428
1647314093,0.176217878,Start Up,361,2426
1647314095,0.17760542,Start Up,363,2424
1647314097,0.17760542,Start Up,365,2422
1647314099,0.17760542,Start Up,367,2420
1647314101,0.174830335,Start Up,369,2418
1647314103,0.174830335,Start Up,371,2416
1647314105,0.178992962,Start Up,373,2414
1647314107,0.176217878,Start Up,375,2412
1647314109,0.174830335,Start Up,377,2410
1647314111,0.176217878,Start Up,379,2408
1647314114,0.17760542,Start Up,382,2405
1647314116,0.176217878,Start Up,384,2403
1647314118,0.17760542,Start Up,386,2401
1647314120,0.180380505,Start Up,388,2399
1647314122,0.17760542,Start Up,390,2397
1647314124,0.206743809,Start Up,392,2395
1647314126,0.151242116,Start Up,394,2393
1647314128,0.155404743,Start Up,396,2391
1647314130,0.15956737,Start Up,398,2389
1647314132,0.156792285,Start Up,400,2387
1647314134,0.155404743,Start Up,402,2385
1647314136,0.158179827,Start Up,404,2383
1647314138,0.160954912,Start Up,406,2381
1647314140,0.158179827,Start Up,408,2379
1647314142,0.156792285,Start Up,410,2377
1647314144,0.156792285,Start Up,412,2375
1647314146,0.155404743,Start Up,414,2373
1647314148,0.158179827,Start Up,416,2371
1647314150,0.15956737,Start Up,418,2369
1647314152,0.15956737,Start Up,420,2367
1647314154,0.165117539,Start Up,422,2365
1647314156,0.156792285,Start Up,424,2363
1647314158,0.15956737,Start Up,426,2361
1647314160,0.1540172,Start Up,428,2359
1647314162,0.156792285,Start Up,430,2357
1647314164,0.158179827,Start Up,432,2355
1647314166,0.158179827,Start Up,434,2353
1647314168,0.158179827,Start Up,436,2351
1647314170,0.158179827,Start Up,438,2349
1647314172,0.160954912,Start Up,440,2347
1647314174,0.162342454,Start Up,442,2345
1647314176,0.160954912,Start Up,444,2343
1647314178,0.15956737,Start Up,446,2341
1647314180,0.165117539,Start Up,448,2339
1647314182,0.15956737,Start Up,450,2337
1647314184,0.15956737,Start Up,452,2335
1647314186,0.15956737,Start Up,454,2333
1647314188,0.162342454,Start Up,456,2331
1647314190,0.163729997,Start Up,458,2329
1647314192,0.163729997,Start Up,460,2327
1647314194,0.160954912,Start Up,462,2325
1647314196,0.162342454,Start Up,464,2323
1647314198,0.162342454,Start Up,466,2321
1647314200,0.160954912,Start Up,468,2319
1647314202,0.166505081,Start Up,470,2317
1647314204,0.162342454,Start Up,472,2315
1647314206,0.162342454,Start Up,474,2313
1647314208,0.160954912,Start Up,476,2311
1647314210,0.162342454,Start Up,478,2309
1647314212,0.163729997,Start Up,480,2307
1647314214,0.15956737,Start Up,482,2305
1647314216,0.160954912,Start Up,484,2303
1647314218,0.156792285,Start Up,486,2301
1647314220,0.158179827,Start Up,488,2299
1647314222,0.160954912,Start Up,490,2297
1647314224,0.158179827,Start Up,492,2295
1647314226,0.158179827,Start Up,494,2293
1647314228,0.162342454,Start Up,496,2291
1647314230,0.15956737,Start Up,498,2289
1647314232,0.15956737,Start Up,500,2287
1647314234,0.162342454,Start Up,502,2285
1647314236,0.160954912,Start Up,504,2283
1647314238,0.15956737,Start Up,506,2281
1647314240,0.163729997,Start Up,508,2279
1647314242,0.160954912,Start Up,510,2277
1647314244,0.122103726,Start Up,512,2275
1647314246,0.111003388,Start Up,514,2273
1647314248,0.109615845,Start Up,516,2271
1647314250,0.115166015,Start Up,518,2269
1647314252,0.109615845,Start Up,520,2267
1647314254,0.137366692,Start Up,522,2265
1647314256,0.120716184,Start Up,524,2263
1647314258,0.531428718,Wash,526,2261
1647314260,0.581380242,Wash,528,2259
1647314262,0.567504819,Wash,530,2257
1647314264,0.560567107,Wash,532,2255
1647314266,0.566117277,Wash,534,2253
1647314268,0.541141514,Wash,536,2251
1647314270,0.498127702,Wash,538,2249
1647314272,0.586930412,Wash,540,2247
1647314274,0.50922804,Wash,542,2245
1647314276,0.573054988,Wash,544,2243
1647314278,0.53281626,Wash,546,2241
1647314280,0.525878549,Wash,548,2239
1647314282,0.570279904,Wash,550,2237
1647314284,0.570279904,Wash,552,2235
1647314286,0.600805835,Wash,554,2233
1647314288,0.586930412,Wash,556,2231
1647314290,0.539753972,Wash,558,2229
1647314292,0.11239093,Wash,560,2227
1647314294,0.117941099,Wash,562,2225
1647314296,0.116553557,Wash,564,2223
1647314298,0.31358457,Wash,566,2221
1647314300,0.801999475,Wash,568,2219
1647314302,1.015680996,Wash,570,2217
1647314304,0.60358092,Wash,572,2215
1647314306,0.609131089,Wash,574,2213
1647314308,0.758985662,Wash,576,2211
1647314310,1.08922074,Wash,578,2209
1647314312,1.542947087,Wash,580,2207
1647314314,2.082701059,Wash,582,2205
1647314316,2.102126652,Wash,584,2203
1647314318,1.032331504,Wash,586,2201
1647314320,0.11239093,Wash,588,2199
1647314322,0.11239093,Wash,590,2197
1647314324,0.113778472,Wash,592,2195
1647314326,0.11239093,Wash,594,2193
1647314328,0.111003388,Wash,596,2191
1647314330,0.113778472,Wash,598,2189
1647314332,0.113778472,Wash,600,2187
1647314334,0.115166015,Wash,602,2185
1647314336,0.11239093,Wash,604,2183
1647314338,0.11239093,Wash,606,2181
1647314340,0.435688296,Wash,608,2179
1647314342,0.825587695,Wash,610,2177
1647314344,1.072570232,Wash,612,2175
1647314346,0.555016938,Wash,614,2173
1647314348,0.699321342,Wash,616,2171
1647314350,0.900514982,Wash,618,2169
1647314352,1.252950737,Wash,620,2167
1647314354,1.721940049,Wash,622,2165
1647314357,2.131265041,Wash,625,2162
1647314359,1.658113102,Wash,627,2160
1647314361,0.113778472,Wash,629,2158
1647314363,0.115166015,Wash,631,2156
1647314365,0.11239093,Wash,633,2154
1647314367,0.113778472,Wash,635,2152
1647314369,0.113778472,Wash,637,2150
1647314371,0.11239093,Wash,639,2148
1647314373,0.111003388,Wash,641,2146
1647314375,0.11239093,Wash,643,2144
1647314377,0.109615845,Wash,645,2142
1647314379,0.11239093,Wash,647,2140
1647314381,0.111003388,Wash,649,2138
1647314383,0.104065676,Wash,651,2136
1647314385,0.117941099,Wash,653,2134
1647314387,1.626199628,Wash,655,2132
1647314389,4.556689059,Wash,657,2130
1647314391,4.938263204,Wash,659,2128
1647314393,4.968789135,Wash,661,2126
1647314395,4.860560833,Wash,663,2124
1647314397,4.895249391,Wash,665,2122
1647314399,5.097830573,Wash,667,2120
1647314401,4.975726847,Wash,669,2118
1647314403,4.943813373,Wash,671,2116
1647314405,4.725969225,Wash,673,2114
1647314407,4.408222028,Wash,675,2112
1647314409,5.058979388,Wash,677,2110
1647314411,4.989602271,Wash,679,2108
1647314413,5.089505319,Wash,681,2106
1647314415,4.914674984,Wash,683,2104
1647314417,0.202581182,Wash,685,2102
1647314419,4.759270241,Wash,687,2100
1647314421,4.990989813,Wash,689,2098
1647314423,4.637166515,Wash,691,2096
1647314425,4.850848036,Wash,693,2094
1647314427,4.771758123,Wash,695,2092
1647314429,5.113093539,Wash,697,2090
1647314431,4.868886087,Wash,699,2088
1647314433,4.735682022,Wash,701,2086
1647314435,5.003477694,Wash,703,2084
1647314437,4.52755067,Wash,705,2082
1647314439,4.946588458,Wash,707,2080
1647314441,5.031228541,Wash,709,2078
1647314443,4.674630158,Wash,711,2076
1647314445,4.777308292,Wash,713,2074
1647314447,4.440135502,Wash,715,2072
1647314449,0.109615845,Wash,717,2070
1647314451,0.116553557,Wash,719,2068
1647314453,0.116553557,Wash,721,2066
1647314455,0.195643471,Wash,723,2064
1647314457,0.464826685,Wash,725,2062
1647314459,0.853338542,Wash,727,2060
1647314461,0.530041176,Wash,729,2058
1647314463,0.423200415,Wash,731,2056
1647314465,0.147079489,Wash,733,2054
1647314467,0.13042898,Wash,735,2052
1647314469,0.11239093,Wash,737,2050
1647314471,0.113778472,Wash,739,2048
1647314473,0.11239093,Wash,741,2046
1647314475,0.111003388,Wash,743,2044
1647314477,0.105453218,Wash,745,2042
1647314479,0.127653896,Wash,747,2040
1647314481,0.442626008,Wash,749,2038
1647314483,4.903574645,Wash,751,2036
1647314485,4.609415668,Wash,753,2034
1647314487,4.992377355,Wash,755,2032
1647314489,4.404059401,Wash,757,2030
1647314491,4.601090414,Wash,759,2028
1647314493,4.691280667,Wash,761,2026
1647314495,4.870273629,Wash,763,2024
1647314497,4.528938212,Wash,765,2022
1647314499,4.946588458,Wash,767,2020
1647314501,4.884149052,Wash,769,2018
1647314503,5.08395515,Wash,771,2016
1647314505,4.725969225,Wash,773,2014
1647314507,4.614965838,Wash,775,2012
1647314509,4.573339567,Wash,777,2010
1647314511,5.1019932,Wash,779,2008
1647314513,3.531295267,Wash,781,2006
1647314515,4.846685409,Wash,783,2004
1647314517,4.789796173,Wash,785,2002
1647314519,5.122806336,Wash,787,2000
1647314521,4.873048714,Wash,789,1998
1647314523,4.806446681,Wash,791,1996
1647314525,4.975726847,Wash,793,1994
1647314527,4.85917329,Wash,795,1992
1647314529,4.666304904,Wash,797,1990
1647314531,5.121418793,Wash,799,1988
1647314533,4.827259816,Wash,801,1986
1647314535,5.143619471,Wash,803,1984
1647314537,4.949363543,Wash,805,1982
1647314539,4.72874431,Wash,807,1980
1647314541,4.535875924,Wash,809,1978
1647314543,3.23713629,Wash,811,1976
1647314545,0.113778472,Wash,813,1974
1647314547,4.977114389,Wash,815,1972
1647314549,4.950751085,Wash,817,1970
1647314551,4.827259816,Wash,819,1968
1647314553,4.868886087,Wash,821,1966
1647314555,5.064529557,Wash,823,1964
1647314557,4.831422443,Wash,825,1962
1647314559,5.139456844,Wash,827,1960
1647314561,4.662142277,Wash,829,1958
1647314563,4.842522782,Wash,831,1956
1647314565,5.089505319,Wash,833,1954
1647314567,4.538651009,Wash,835,1952
1647314569,4.884149052,Wash,837,1950
1647314571,4.476211603,Wash,839,1948
1647314573,4.413772198,Wash,841,1946
1647314575,4.583052364,Wash,843,1944
1647314577,0.113778472,Wash,845,1942
1647314579,0.108228303,Wash,847,1940
1647314581,0.120716184,Wash,849,1938
1647314583,0.134591607,Wash,851,1936
1647314585,0.445401093,Wash,853,1934
1647314587,0.821425068,Wash,855,1932
1647314589,0.362148552,Wash,857,1930
1647314591,0.212293979,Wash,859,1928
1647314593,0.198418555,Wash,861,1926
1647314595,0.195643471,Wash,863,1924
1647314597,0.206743809,Wash,865,1922
1647314599,0.223394317,Wash,867,1920
1647314601,0.241432368,Wash,869,1918
1647314603,0.263633045,Wash,871,1916
1647314605,0.274733384,Wash,873,1914
1647314607,0.292771435,Wash,875,1912
1647314609,0.310809485,Wash,877,1910
1647314611,0.323297366,Wash,879,1908
1647314613,0.342722959,Wash,881,1906
1647314615,0.367698721,Wash,883,1904
1647314617,0.374636433,Wash,885,1902
1647314619,0.370473806,Wash,887,1900
1647314621,0.326072451,Wash,889,1898
1647314623,0.11239093,Wash,891,1896
1647314625,0.11239093,Wash,893,1894
1647314628,0.11239093,Wash,896,1891
1647314630,0.11239093,Wash,898,1889
1647314632,0.11239093,Wash,900,1887
1647314634,0.109615845,Wash,902,1885
1647314636,0.11239093,Wash,904,1883
1647314638,0.111003388,Wash,906,1881
1647314640,0.11239093,Wash,908,1879
1647314642,0.131816523,Wash,910,1877
1647314644,0.13042898,Wash,912,1875
1647314646,4.914674984,Wash,914,1873
1647314648,5.024290829,Wash,916,1871
1647314650,4.37353347,Wash,918,1869
1647314652,4.904962188,Wash,920,1867
1647314654,4.732906937,Wash,922,1865
1647314656,4.860560833,Wash,924,1863
1647314658,4.97156422,Wash,926,1861
1647314660,4.700993463,Wash,928,1859
1647314662,4.928550407,Wash,930,1857
1647314664,4.88276151,Wash,932,1855
1647314666,4.989602271,Wash,934,1853
1647314668,5.145007013,Wash,936,1851
1647314670,4.637166515,Wash,938,1849
1647314672,4.541426093,Wash,940,1847
1647314674,4.498412281,Wash,942,1845
1647314676,0.428750584,Wash,944,1843
1647314678,4.6399416,Wash,946,1841
1647314680,4.585827448,Wash,948,1839
1647314682,4.873048714,Wash,950,1837
1647314684,4.638554057,Wash,952,1835
1647314686,5.049266591,Wash,954,1833
1647314688,4.473436518,Wash,956,1831
1647314690,4.488699484,Wash,958,1829
1647314692,4.448460756,Wash,960,1827
1647314694,4.497024738,Wash,962,1825
1647314696,4.982664559,Wash,964,1823
1647314698,4.911899899,Wash,966,1821
1647314700,4.966014051,Wash,968,1819
1647314702,4.656592108,Wash,970,1817
1647314704,4.731519395,Wash,972,1815
1647314706,3.495219166,Wash,974,1813
1647314708,3.446655184,Wash,976,1811
1647314710,5.01319049,Wash,978,1809
1647314712,4.813384393,Wash,980,1807
1647314714,4.687118039,Wash,982,1805
1647314716,4.875823798,Wash,984,1803
1647314718,4.696830836,Wash,986,1801
1647314720,5.029840999,Wash,988,1799
1647314722,4.721806598,Wash,990,1797
1647314724,4.877211341,Wash,992,1795
1647314726,4.92438778,Wash,994,1793
1647314728,4.941038289,Wash,996,1791
1647314730,4.646879312,Wash,998,1789
1647314732,4.626066176,Wash,1000,1787
1647314734,4.85917329,Wash,1002,1785
1647314736,5.057591845,Wash,1004,1783
1647314738,4.524775585,Wash,1006,1781
1647314740,4.954913712,Wash,1008,1779
1647314742,4.77592075,Wash,1010,1777
1647314744,4.34439508,Wash,1012,1775
1647314746,4.86472346,Wash,1014,1773
1647314748,5.111705997,Wash,1016,1771
1647314750,4.823097189,Wash,1018,1769
1647314752,4.843910324,Wash,1020,1767
1647314754,4.896636934,Wash,1022,1765
1647314756,4.824484732,Wash,1024,1763
1647314758,4.961851424,Wash,1026,1761
1647314760,4.820322105,Wash,1028,1759
1647314762,4.997927525,Wash,1030,1757
1647314764,4.741232191,Wash,1032,1755
1647314766,4.573339567,Wash,1034,1753
1647314768,4.742619733,Wash,1036,1751
1647314770,0.199806098,Wash,1038,1749
1647314772,4.777308292,Wash,1040,1747
1647314774,4.484536857,Wash,1042,1745
1647314776,4.92993795,Wash,1044,1743
1647314778,4.949363543,Wash,1046,1741
1647314780,4.966014051,Wash,1048,1739
1647314782,4.842522782,Wash,1050,1737
1647314784,4.522000501,Wash,1052,1735
1647314786,4.477599145,Wash,1054,1733
1647314788,4.943813373,Wash,1056,1731
1647314790,5.004865236,Wash,1058,1729
1647314792,4.427647621,Wash,1060,1727
1647314794,4.878598883,Wash,1062,1725
1647314796,5.035391168,Wash,1064,1723
1647314798,4.879986425,Wash,1066,1721
1647314800,4.617740922,Wash,1068,1719
1647314802,0.704871511,Wash,1070,1717
1647314804,4.741232191,Wash,1072,1715
1647314806,5.088117777,Wash,1074,1713
1647314808,4.552526432,Wash,1076,1711
1647314810,4.828647359,Wash,1078,1709
1647314812,4.874436256,Wash,1080,1707
1647314814,4.798121427,Wash,1082,1705
1647314816,4.706543632,Wash,1084,1703
1647314818,4.931325492,Wash,1086,1701
1647314820,4.688505582,Wash,1088,1699
1647314822,5.057591845,Wash,1090,1697
1647314824,4.624678634,Wash,1092,1695
1647314826,4.567789398,Wash,1094,1693
1647314828,4.799508969,Wash,1096,1691
1647314830,4.546976263,Wash,1098,1689
1647314832,2.553077914,Wash,1100,1687
1647314834,4.613578295,Wash,1102,1685
1647314836,5.143619471,Wash,1104,1683
1647314838,4.449848299,Wash,1106,1681
1647314840,5.006252779,Wash,1108,1679
1647314842,4.725969225,Wash,1110,1677
1647314844,4.628841261,Wash,1112,1675
1647314846,4.565014313,Wash,1114,1673
1647314848,4.717643971,Wash,1116,1671
1647314850,4.967401593,Wash,1118,1669
1647314852,4.878598883,Wash,1120,1667
1647314854,4.950751085,Wash,1122,1665
1647314856,4.989602271,Wash,1124,1663
1647314858,5.022903287,Wash,1126,1661
1647314860,4.656592108,Wash,1128,1659
1647314862,4.731519395,Wash,1130,1657
1647314864,1.043431843,Wash,1132,1655
1647314866,4.824484732,Wash,1134,1653
1647314868,4.614965838,Wash,1136,1651
1647314870,4.750944987,Wash,1138,1649
1647314872,5.004865236,Wash,1140,1647
1647314874,4.695443294,Wash,1142,1645
1647314876,4.904962188,Wash,1144,1643
1647314878,5.028453456,Wash,1146,1641
1647314880,4.966014051,Wash,1148,1639
1647314882,4.842522782,Wash,1150,1637
1647314884,4.927162865,Wash,1152,1635
1647314886,5.014578033,Wash,1154,1633
1647314888,4.874436256,Wash,1156,1631
1647314890,4.645491769,Wash,1158,1629
1647314892,4.77592075,Wash,1160,1627
1647314894,4.126550932,Wash,1162,1625
1647314897,0.788124052,Wash,1165,1622
1647314899,0.113778472,Wash,1167,1620
1647314901,0.11239093,Wash,1169,1618
1647314903,0.11239093,Wash,1171,1616
1647314905,0.113778472,Wash,1173,1614
1647314907,0.116553557,Wash,1175,1612
1647314909,0.113778472,Wash,1177,1610
1647314911,0.113778472,Wash,1179,1608
1647314913,0.115166015,Wash,1181,1606
1647314915,0.116553557,Wash,1183,1604
1647314917,0.11239093,Wash,1185,1602
1647314919,0.111003388,Wash,1187,1600
1647314921,0.113778472,Wash,1189,1598
1647314923,0.797836848,Wash,1191,1596
1647314925,0.113778472,Wash,1193,1594
1647314927,0.450951262,Wash,1195,1592
1647314929,5.167207691,Wash,1197,1590
1647314931,5.161657521,Wash,1199,1588
1647314933,5.046491507,Wash,1201,1586
1647314935,4.617740922,Wash,1203,1584
1647314937,4.678792785,Wash,1205,1582
1647314939,4.961851424,Wash,1207,1580
1647314941,4.928550407,Wash,1209,1578
1647314943,4.762045326,Wash,1211,1576
1647314945,4.431810248,Wash,1213,1574
1647314947,4.870273629,Wash,1215,1572
1647314949,4.512287704,Wash,1217,1570
1647314951,4.814771935,Wash,1219,1568
1647314953,4.365208216,Wash,1221,1566
1647314955,5.029840999,Wash,1223,1564
1647314957,0.21923169,Wash,1225,1562
1647314959,4.828647359,Wash,1227,1560
1647314961,4.61635338,Wash,1229,1558
1647314963,4.738457106,Wash,1231,1556
1647314965,4.904962188,Wash,1233,1554
1647314967,4.984052101,Wash,1235,1552
1647314969,5.143619471,Wash,1237,1550
1647314971,4.700993463,Wash,1239,1548
1647314973,4.563626771,Wash,1241,1546
1647314975,4.619128465,Wash,1243,1544
1647314977,4.602477956,Wash,1245,1542
1647314979,4.95352617,Wash,1247,1540
1647314981,4.627453719,Wash,1249,1538
1647314983,5.043716422,Wash,1251,1536
1647314985,4.856398206,Wash,1253,1534
1647314987,4.345782623,Wash,1255,1532
1647314989,0.450951262,Wash,1257,1530
1647314991,4.946588458,Wash,1259,1528
1647314993,5.126968963,Wash,1261,1526
1647314995,4.800896512,Wash,1263,1524
1647314997,4.791183715,Wash,1265,1522
1647314999,4.956301254,Wash,1267,1520
1647315001,4.6399416,Wash,1269,1518
1647315003,4.803671596,Wash,1271,1516
1647315005,5.140844386,Wash,1273,1514
1647315007,4.712093802,Wash,1275,1512
1647315009,4.945200916,Wash,1277,1510
1647315011,4.584439906,Wash,1279,1508
1647315013,5.000702609,Wash,1281,1506
1647315015,4.713481344,Wash,1283,1504
1647315017,4.659367193,Wash,1285,1502
1647315019,4.524775585,Wash,1287,1500
1647315021,3.048430531,Wash,1289,1498
1647315023,4.777308292,Wash,1291,1496
1647315025,5.122806336,Wash,1293,1494
1647315027,4.878598883,Wash,1295,1492
1647315029,5.01319049,Wash,1297,1490
1647315031,5.03677871,Wash,1299,1488
1647315033,4.952138627,Wash,1301,1486
1647315035,4.556689059,Wash,1303,1484
1647315037,4.642716684,Wash,1305,1482
1647315039,4.999315067,Wash,1307,1480
1647315041,4.867498544,Wash,1309,1478
1647315043,4.936875661,Wash,1311,1476
1647315045,5.124193878,Wash,1313,1474
1647315047,4.760657784,Wash,1315,1472
1647315049,4.83558507,Wash,1317,1470
1647315051,4.0599489,Wash,1319,1468
1647315053,5.06036693,Wash,1321,1466
1647315055,4.651041939,Wash,1323,1464
1647315057,4.714868886,Wash,1325,1462
1647315059,4.888311679,Wash,1327,1460
1647315061,4.942425831,Wash,1329,1458
1647315063,4.978501932,Wash,1331,1456
1647315065,5.031228541,Wash,1333,1454
1647315067,5.015965575,Wash,1335,1452
1647315069,4.719031513,Wash,1337,1450
1647315071,5.010415406,Wash,1339,1448
1647315073,4.760657784,Wash,1341,1446
1647315075,4.959076339,Wash,1343,1444
1647315077,4.767595495,Wash,1345,1442
1647315079,4.444298129,Wash,1347,1440
1647315081,4.410997113,Wash,1349,1438
1647315083,0.453726347,Wash,1351,1436
1647315085,4.755107614,Wash,1353,1434
1647315087,5.032616083,Wash,1355,1432
1647315089,5.204671334,Wash,1357,1430
1647315091,4.892474306,Wash,1359,1428
1647315093,4.960463881,Wash,1361,1426
1647315095,4.947976,Wash,1363,1424
1647315097,4.823097189,Wash,1365,1422
1647315099,4.961851424,Wash,1367,1420
1647315101,4.621903549,Wash,1369,1418
1647315103,4.911899899,Wash,1371,1416
1647315105,4.412384655,Wash,1373,1414
1647315107,5.075629896,Wash,1375,1412
1647315109,4.535875924,Wash,1377,1410
1647315111,4.920225153,Wash,1379,1408
1647315113,3.105319767,Wash,1381,1406
1647315115,4.608028126,Wash,1383,1404
1647315117,4.846685409,Wash,1385,1402
1647315119,4.755107614,Wash,1387,1400
1647315121,4.982664559,Wash,1389,1398
1647315123,4.670467531,Wash,1391,1396
1647315125,4.992377355,Wash,1393,1394
1647315127,4.472048976,Wash,1395,1392
1647315129,5.074242354,Wash,1397,1390
1647315131,5.089505319,Wash,1399,1388
1647315133,5.14916964,Wash,1401,1386
1647315136,4.979889474,Wash,1404,1383
1647315138,4.816159478,Wash,1406,1381
1647315140,4.714868886,Wash,1408,1379
1647315142,4.993764898,Wash,1410,1377
1647315144,4.659367193,Wash,1412,1375
1647315146,0.11239093,Wash,1414,1373
1647315148,0.106840761,Wash,1416,1371
1647315150,0.120716184,Wash,1418,1369
1647315152,0.133204065,Wash,1420,1367
1647315154,0.453726347,Wash,1422,1365
1647315156,0.843625745,Wash,1424,1363
1647315158,0.367698721,Wash,1426,1361
1647315160,0.208131352,Wash,1428,1359
1647315162,0.192868386,Wash,1430,1357
1647315164,0.198418555,Wash,1432,1355
1647315166,0.206743809,Wash,1434,1353
1647315168,0.227556944,Wash,1436,1351
1647315170,0.24281991,Wash,1438,1349
1647315172,0.259470418,Wash,1440,1347
1647315174,0.273345842,Wash,1442,1345
1647315176,0.296934062,Wash,1444,1343
1647315178,0.310809485,Wash,1446,1341
1647315180,0.33717279,Wash,1448,1339
1647315182,0.348273128,Wash,1450,1337
1647315184,0.364923637,Wash,1452,1335
1647315186,0.380186602,Wash,1454,1333
1647315188,0.373248891,Wash,1456,1331
1647315190,0.33162262,Wash,1458,1329
1647315192,0.109615845,Wash,1460,1327
1647315194,0.11239093,Wash,1462,1325
1647315196,0.111003388,Wash,1464,1323
1647315198,0.111003388,Wash,1466,1321
1647315200,0.11239093,Wash,1468,1319
1647315202,0.109615845,Wash,1470,1317
1647315204,0.11239093,Wash,1472,1315
1647315206,0.109615845,Wash,1474,1313
1647315208,0.111003388,Wash,1476,1311
1647315210,0.129041438,Wash,1478,1309
1647315212,0.124878811,Wash,1480,1307
1647315214,4.032198053,Wash,1482,1305
1647315216,4.648266854,Wash,1484,1303
1647315218,4.591377618,Wash,1486,1301
1647315220,4.299993725,Wash,1488,1299
1647315222,4.336069826,Wash,1490,1297
1647315224,4.870273629,Wash,1492,1295
1647315226,4.742619733,Wash,1494,1293
1647315228,4.534488382,Wash,1496,1291
1647315230,4.734294479,Wash,1498,1289
1647315232,4.806446681,Wash,1500,1287
1647315234,4.180665084,Wash,1502,1285
1647315236,4.651041939,Wash,1504,1283
1647315238,4.610803211,Wash,1506,1281
1647315240,4.552526432,Wash,1508,1279
1647315242,4.365208216,Wash,1510,1277
1647315244,4.762045326,Wash,1512,1275
1647315246,4.530325755,Wash,1514,1273
1647315248,4.558076601,Wash,1516,1271
1647315250,4.356882962,Wash,1518,1269
1647315252,4.546976263,Wash,1520,1267
1647315254,4.725969225,Wash,1522,1265
1647315256,4.336069826,Wash,1524,1263
1647315258,4.290280929,Wash,1526,1261
1647315260,4.352720334,Wash,1528,1259
1647315262,4.609415668,Wash,1530,1257
1647315264,4.637166515,Wash,1532,1255
1647315266,4.359658046,Wash,1534,1253
1647315268,4.290280929,Wash,1536,1251
1647315270,4.333294742,Wash,1538,1249
1647315272,4.576114652,Wash,1540,1247
1647315274,0.452338804,Wash,1542,1245
1647315276,4.313869149,Wash,1544,1243
1647315278,4.724581683,Wash,1546,1241
1647315280,4.449848299,Wash,1548,1239
1647315282,4.699605921,Wash,1550,1237
1647315284,4.510900162,Wash,1552,1235
1647315286,4.628841261,Wash,1554,1233
1647315288,4.252817286,Wash,1556,1231
1647315290,4.732906937,Wash,1558,1229
1647315292,4.294443556,Wash,1560,1227
1647315294,4.262530082,Wash,1562,1225
1647315296,4.538651009,Wash,1564,1223
1647315298,4.460948637,Wash,1566,1221
1647315300,4.719031513,Wash,1568,1219
1647315302,4.716256429,Wash,1570,1217
1647315304,4.580277279,Wash,1572,1215
1647315306,4.55113889,Wash,1574,1213
1647315308,4.490087027,Wash,1576,1211
1647315310,4.351332792,Wash,1578,1209
1647315312,4.578889737,Wash,1580,1207
1647315314,4.168177203,Wash,1582,1205
1647315316,4.466498807,Wash,1584,1203
1647315318,4.341619996,Wash,1586,1201
1647315320,4.186215253,Wash,1588,1199
1647315322,4.762045326,Wash,1590,1197
1647315324,4.3679833,Wash,1592,1195
1647315326,4.272242879,Wash,1594,1193
1647315328,4.176502457,Wash,1596,1191
1647315330,4.151526695,Wash,1598,1189
1647315332,4.498412281,Wash,1600,1187
1647315334,0.213681521,Wash,1602,1185
1647315336,4.28473076,Wash,1604,1183
1647315338,4.39712169,Wash,1606,1181
1647315340,4.365208216,Wash,1608,1179
1647315342,4.287505844,Wash,1610,1177
1647315344,4.312481606,Wash,1612,1175
1647315346,4.308318979,Wash,1614,1173
1647315348,4.68156787,Wash,1616,1171
1647315350,4.620516007,Wash,1618,1169
1647315352,4.749557445,Wash,1620,1167
1647315354,4.298606183,Wash,1622,1165
1647315356,4.717643971,Wash,1624,1163
1647315358,4.420709909,Wash,1626,1161
1647315360,4.602477956,Wash,1628,1159
1647315362,4.652429481,Wash,1630,1157
1647315364,4.65797965,Wash,1632,1155
1647315366,0.437075838,Wash,1634,1153
1647315368,3.797703397,Wash,1636,1151
1647315370,3.678374755,Wash,1638,1149
1647315372,4.175114914,Wash,1640,1147
1647315374,3.914256954,Wash,1642,1145
1647315376,4.14320144,Wash,1644,1143
1647315378,4.187602795,Wash,1646,1141
1647315380,3.735263991,Wash,1648,1139
1647315382,4.065499069,Wash,1650,1137
1647315384,3.688087551,Wash,1652,1135
1647315386,3.783827973,Wash,1654,1133
1647315388,3.624260604,Wash,1656,1131
1647315391,3.664499332,Wash,1659,1128
1647315393,2.902738585,Wash,1661,1126
1647315395,4.028035426,Wash,1663,1124
1647315397,3.832391955,Wash,1665,1122
1647315399,3.620097977,Wash,1667,1120
1647315401,3.507707047,Wash,1669,1118
1647315403,3.563208741,Wash,1671,1116
1647315405,3.800478481,Wash,1673,1114
1647315407,4.134876186,Wash,1675,1112
1647315409,3.826841786,Wash,1677,1110
1647315411,4.187602795,Wash,1679,1108
1647315413,4.007222291,Wash,1681,1106
1647315415,3.929519919,Wash,1683,1104
1647315417,3.570146452,Wash,1685,1102
1647315419,4.108512882,Wash,1687,1100
1647315421,3.761627296,Wash,1689,1098
1647315423,3.49799425,Wash,1691,1096
1647315425,3.59234713,Wash,1693,1094
1647315427,4.173727372,Wash,1695,1092
1647315429,0.108228303,Wash,1697,1090
1647315431,0.133204065,Wash,1699,1088
1647315433,0.119328642,Wash,1701,1086
1647315435,0.123491269,Wash,1703,1084
1647315437,0.456501431,Wash,1705,1082
1647315439,0.97682981,Wash,1707,1080
1647315441,1.172473281,Wash,1709,1078
1647315443,0.616068801,Wash,1711,1076
1647315445,0.690996088,Wash,1713,1074
1647315447,1.064244978,Wash,1715,1072
1647315449,1.526296579,Wash,1717,1070
1647315451,2.067438093,Wash,1719,1068
1647315453,2.145140464,Wash,1721,1066
1647315455,2.014711484,Wash,1723,1064
1647315457,0.111003388,Wash,1725,1062
1647315459,0.113778472,Wash,1727,1060
1647315461,0.108228303,Wash,1729,1058
1647315463,0.109615845,Wash,1731,1056
1647315465,0.109615845,Wash,1733,1054
1647315467,0.109615845,Wash,1735,1052
1647315469,0.109615845,Wash,1737,1050
1647315471,0.109615845,Wash,1739,1048
1647315473,0.108228303,Wash,1741,1046
1647315475,0.108228303,Wash,1743,1044
1647315477,0.109615845,Wash,1745,1042
1647315479,0.131816523,Wash,1747,1040
1647315481,0.115166015,Wash,1749,1038
1647315483,3.678374755,Wash,1751,1036
1647315485,3.312063576,Wash,1753,1034
1647315487,3.631198315,Wash,1755,1032
1647315489,3.571533995,Wash,1757,1030
1647315491,4.187602795,Wash,1759,1028
1647315493,3.588184503,Wash,1761,1026
1647315495,3.99473441,Wash,1763,1024
1647315497,3.595122214,Wash,1765,1022
1647315499,4.137651271,Wash,1767,1020
1647315501,4.0599489,Wash,1769,1018
1647315503,3.638136027,Wash,1771,1016
1647315505,3.79354077,Wash,1773,1014
1647315507,3.829616871,Wash,1775,1012
1647315509,4.134876186,Wash,1777,1010
1647315511,3.801866024,Wash,1779,1008
1647315513,0.928265828,Wash,1781,1006
1647315515,3.954495682,Wash,1783,1004
1647315517,3.739426618,Wash,1785,1002
1647315519,3.785215516,Wash,1787,1000
1647315521,4.19037788,Wash,1789,998
1647315523,3.668661959,Wash,1791,996
1647315525,3.839329667,Wash,1793,994
1647315527,4.029422968,Wash,1795,992
1647315529,4.040523307,Wash,1797,990
1647315531,3.98918424,Wash,1799,988
1647315533,3.973921274,Wash,1801,986
1647315535,3.833779498,Wash,1803,984
1647315537,3.647848824,Wash,1805,982
1647315539,4.007222291,Wash,1807,980
1647315541,4.10712534,Wash,1809,978
1647315543,0.131816523,Spin,1811,976
1647315545,0.102678133,Spin,1813,974
1647315547,0.122103726,Spin,1815,972
1647315549,0.123491269,Spin,1817,970
1647315551,0.199806098,Spin,1819,968
1647315553,0.267795672,Spin,1821,966
1647315555,0.321909824,Spin,1823,964
1647315557,0.362148552,Spin,1825,962
1647315559,0.381574145,Spin,1827,960
1647315561,0.374636433,Spin,1829,958
1647315563,0.382961687,Spin,1831,956
1647315565,0.414875161,Spin,1833,954
1647315567,0.414875161,Spin,1835,952
1647315569,0.410712534,Spin,1837,950
1647315571,0.413487619,Spin,1839,948
1647315573,0.42042533,Spin,1841,946
1647315575,0.421812873,Spin,1843,944
1647315577,0.416262703,Spin,1845,942
1647315579,0.42042533,Spin,1847,940
1647315581,0.414875161,Spin,1849,938
1647315583,0.431525669,Spin,1851,936
1647315585,0.366311179,Spin,1853,934
1647315587,0.351048213,Spin,1855,932
1647315589,0.364923637,Spin,1857,930
1647315591,0.641044563,Spin,1859,928
1647315593,1.040656758,Spin,1861,926
1647315595,0.853338542,Spin,1863,924
1647315597,0.394062026,Spin,1865,922
1647315599,0.199806098,Spin,1867,920
1647315601,0.216456606,Spin,1869,918
1647315603,0.226169402,Spin,1871,916
1647315605,0.216456606,Spin,1873,914
1647315607,0.209518894,Spin,1875,912
1647315609,0.208131352,Spin,1877,910
1647315611,0.209518894,Spin,1879,908
1647315613,0.220619233,Spin,1881,906
1647315615,0.560567107,Spin,1883,904
1647315617,0.960179302,Spin,1885,902
1647315619,0.693771172,Spin,1887,900
1647315621,0.592480581,Spin,1889,898
1647315624,0.202581182,Spin,1892,895
1647315626,0.237269741,Spin,1894,893
1647315628,0.233107114,Spin,1896,891
1647315630,0.21923169,Spin,1898,889
1647315632,0.226169402,Spin,1900,887
1647315634,0.21923169,Spin,1902,885
1647315636,0.209518894,Spin,1904,883
1647315638,0.209518894,Spin,1906,881
1647315640,0.206743809,Spin,1908,879
1647315642,0.50922804,Spin,1910,877
1647315644,0.947691421,Spin,1912,875
1647315646,0.946303879,Spin,1914,873
1647315648,0.446788635,Spin,1916,871
1647315650,0.195643471,Spin,1918,869
1647315652,0.240044826,Spin,1920,867
1647315654,0.223394317,Spin,1922,865
1647315656,0.217844148,Spin,1924,863
1647315658,0.299709146,Spin,1926,861
1647315660,0.409324992,Spin,1928,859
1647315662,0.470376855,Spin,1930,857
1647315664,0.493965075,Spin,1932,855
1647315666,0.552241853,Spin,1934,853
1647315668,0.442626008,Spin,1936,851
1647315670,0.245594995,Spin,1938,849
1647315672,0.28999635,Spin,1940,847
1647315674,0.314972112,Spin,1942,845
1647315676,0.33162262,Spin,1944,843
1647315678,0.348273128,Spin,1946,841
1647315680,0.356598383,Spin,1948,839
1647315682,0.374636433,Spin,1950,837
1647315684,0.442626008,Spin,1952,835
1647315686,0.428750584,Spin,1954,833
1647315688,0.430138127,Spin,1956,831
1647315690,0.394062026,Spin,1958,829
1647315692,0.419037788,Spin,1960,827
1647315694,0.456501431,Spin,1962,825
1647315696,0.450951262,Spin,1964,823
1647315698,0.437075838,Spin,1966,821
1647315700,0.493965075,Spin,1968,819
1647315702,0.49118999,Spin,1970,817
1647315704,0.498127702,Spin,1972,815
1647315706,0.505065413,Spin,1974,813
1647315708,0.553629395,Spin,1976,811
1647315710,0.623006513,Spin,1978,809
1647315712,0.646594733,Spin,1980,807
1647315714,0.595255666,Spin,1982,805
1647315716,0.545304141,Spin,1984,803
1647315718,0.573054988,Spin,1986,801
1647315720,0.670182952,Spin,1988,799
1647315722,0.653532444,Spin,1990,797
1647315724,0.677120664,Spin,1992,795
1647315726,0.675733122,Spin,1994,793
1647315728,0.713196765,Spin,1996,791
1647315730,0.549466768,Spin,1998,789
1647315732,0.456501431,Spin,2000,787
1647315734,0.450951262,Spin,2002,785
1647315736,0.477314566,Spin,2004,783
1647315738,0.487027363,Spin,2006,781
1647315740,0.470376855,Spin,2008,779
1647315742,0.466214228,Spin,2010,777
1647315744,0.471764397,Spin,2012,775
1647315746,0.464826685,Spin,2014,773
1647315748,0.487027363,Spin,2016,771
1647315750,0.616068801,Spin,2018,769
1647315752,0.690996088,Spin,2020,767
1647315754,0.695158715,Spin,2022,765
1647315756,0.661857698,Spin,2024,763
1647315758,0.652144902,Spin,2026,761
1647315760,0.696546257,Spin,2028,759
1647315762,0.702096426,Spin,2030,757
1647315764,0.714584307,Spin,2032,755
1647315766,0.714584307,Spin,2034,753
1647315768,0.732622358,Spin,2036,751
1647315770,0.740947612,Spin,2038,749
1647315772,0.761760747,Spin,2040,747
1647315774,0.770086001,Spin,2042,745
1647315776,0.768698459,Spin,2044,743
1647315778,0.790899136,Spin,2046,741
1647315780,0.793674221,Spin,2048,739
1647315782,0.810324729,Spin,2050,737
1647315784,0.811712271,Spin,2052,735
1647315786,0.860276254,Spin,2054,733
1647315788,0.856113627,Spin,2056,731
1647315790,0.849175915,Spin,2058,729
1647315792,0.853338542,Spin,2060,727
1647315794,0.86998905,Spin,2062,725
1647315796,0.899127439,Spin,2064,723
1647315798,0.908840236,Spin,2066,721
1647315800,0.903290066,Spin,2068,719
1647315802,0.861663796,Spin,2070,717
1647315804,0.688221003,Spin,2072,715
1647315806,0.610518632,Spin,2074,713
1647315808,0.700708884,Spin,2076,711
1647315810,0.728459731,Spin,2078,709
1647315812,0.703483969,Spin,2080,707
1647315814,0.634106851,Spin,2082,705
1647315816,0.607743547,Spin,2084,703
1647315818,0.199806098,Spin,2086,701
1647315820,0.198418555,Spin,2088,699
1647315822,0.205356267,Spin,2090,697
1647315824,0.206743809,Spin,2092,695
1647315826,0.202581182,Spin,2094,693
1647315828,0.217844148,Spin,2096,691
1647315830,0.208131352,Spin,2098,689
1647315832,0.198418555,Spin,2100,687
1647315834,0.198418555,Spin,2102,685
1647315836,0.20119364,Spin,2104,683
1647315838,0.203968725,Spin,2106,681
1647315840,0.195643471,Spin,2108,679
1647315842,0.291383892,Spin,2110,677
1647315844,0.792286679,Spin,2112,675
1647315846,0.936591082,Spin,2114,673
1647315848,0.438463381,Spin,2116,671
1647315850,0.187318216,Spin,2118,669
1647315852,0.208131352,Spin,2120,667
1647315854,0.227556944,Spin,2122,665
1647315856,0.216456606,Spin,2124,663
1647315858,0.284446181,Spin,2126,661
1647315860,0.357985925,Spin,2128,659
1647315862,0.376023975,Spin,2130,657
1647315864,0.405162365,Spin,2132,655
1647315866,0.42042533,Spin,2134,653
1647315868,0.333010163,Spin,2136,651
1647315870,0.251145164,Spin,2138,649
1647315872,0.341335417,Spin,2140,647
1647315874,0.276120927,Spin,2142,645
1647315876,0.278896011,Spin,2144,643
1647315878,0.284446181,Spin,2146,641
1647315880,0.284446181,Spin,2148,639
1647315882,0.2719583,Spin,2150,637
1647315885,0.273345842,Spin,2153,634
1647315887,0.269183215,Spin,2155,632
1647315889,0.349660671,Spin,2157,630
1647315891,0.319134739,Spin,2159,628
1647315893,0.317747197,Spin,2161,626
1647315895,0.327459993,Spin,2163,624
1647315897,0.330235078,Spin,2165,622
1647315899,0.348273128,Spin,2167,620
1647315901,0.344110501,Spin,2169,618
1647315903,0.348273128,Spin,2171,616
1647315905,0.359373467,Spin,2173,614
1647315907,0.356598383,Spin,2175,612
1647315909,0.351048213,Spin,2177,610
1647315911,0.367698721,Spin,2179,608
1647315913,0.373248891,Spin,2181,606
1647315915,0.441238466,Spin,2183,604
1647315917,0.362148552,Spin,2185,602
1647315919,0.382961687,Spin,2187,600
1647315921,0.399612195,Spin,2189,598
1647315923,0.416262703,Spin,2191,596
1647315925,0.376023975,Spin,2193,594
1647315927,0.364923637,Spin,2195,592
1647315929,0.388511856,Spin,2197,590
1647315931,0.496740159,Spin,2199,588
1647315933,0.399612195,Spin,2201,586
1647315935,0.396837111,Spin,2203,584
1647315937,0.428750584,Spin,2205,582
1647315939,0.413487619,Spin,2207,580
1647315941,0.427363042,Spin,2209,578
1647315943,0.445401093,Spin,2211,576
1647315945,0.387124314,Spin,2213,574
1647315947,0.409324992,Spin,2215,572
1647315949,0.474539482,Spin,2217,570
1647315951,0.351048213,Spin,2219,568
1647315953,0.392674483,Spin,2221,566
1647315955,0.399612195,Spin,2223,564
1647315957,0.387124314,Spin,2225,562
1647315959,0.430138127,Spin,2227,560
1647315961,0.446788635,Spin,2229,558
1647315963,0.417650246,Spin,2231,556
1647315965,0.413487619,Spin,2233,554
1647315967,0.452338804,Spin,2235,552
1647315969,0.453726347,Spin,2237,550
1647315971,0.416262703,Spin,2239,548
1647315973,0.460664058,Spin,2241,546
1647315975,0.510615583,Spin,2243,544
1647315977,0.493965075,Spin,2245,542
1647315979,0.424587957,Spin,2247,540
1647315981,0.503677871,Spin,2249,538
1647315983,0.545304141,Spin,2251,536
1647315985,0.543916599,Spin,2253,534
1647315987,0.539753972,Spin,2255,532
1647315989,0.536978887,Spin,2257,530
1647315991,0.488414905,Spin,2259,528
1647315993,0.541141514,Spin,2261,526
1647315995,0.588317954,Spin,2263,524
1647315997,0.599418293,Spin,2265,522
1647315999,0.5799927,Spin,2267,520
1647316001,0.578605158,Spin,2269,518
1647316003,0.606356005,Spin,2271,516
1647316005,0.531428718,Spin,2273,514
1647316007,0.445401093,Spin,2275,512
1647316009,0.405162365,Spin,2277,510
1647316011,0.424587957,Spin,2279,508
1647316013,0.468989312,Spin,2281,506
1647316015,0.446788635,Spin,2283,504
1647316017,0.4259755,Spin,2285,502
1647316019,0.442626008,Spin,2287,500
1647316021,0.44401355,Spin,2289,498
1647316023,0.482864736,Spin,2291,496
1647316025,0.596643208,Spin,2293,494
1647316027,0.653532444,Spin,2295,492
1647316029,0.652144902,Spin,2297,490
1647316031,0.628556682,Spin,2299,488
1647316033,0.634106851,Spin,2301,486
1647316035,0.659082614,Spin,2303,484
1647316037,0.677120664,Spin,2305,482
1647316039,0.695158715,Spin,2307,480
1647316041,0.689608545,Spin,2309,478
1647316043,0.696546257,Spin,2311,476
1647316045,0.713196765,Spin,2313,474
1647316047,0.729847273,Spin,2315,472
1647316049,0.738172527,Spin,2317,470
1647316051,0.732622358,Spin,2319,468
1647316053,0.745110239,Spin,2321,466
1647316055,0.768698459,Spin,2323,464
1647316057,0.779798798,Spin,2325,462
1647316059,0.78118634,Spin,2327,460
1647316061,0.795061763,Spin,2329,458
1647316063,0.696546257,Spin,2331,456
1647316065,0.51477821,Spin,2333,454
1647316067,0.567504819,Spin,2335,452
1647316069,0.65075736,Spin,2337,450
1647316071,0.661857698,Spin,2339,448
1647316073,0.60358092,Spin,2341,446
1647316075,0.563342192,Spin,2343,444
1647316077,0.617456343,Spin,2345,442
1647316079,0.795061763,Spin,2347,440
1647316081,0.831137864,Spin,2349,438
1647316083,0.831137864,Spin,2351,436
1647316085,0.73956007,Spin,2353,434
1647316087,0.765923374,Spin,2355,432
1647316089,0.829750322,Spin,2357,430
1647316091,0.838075576,Spin,2359,428
1647316093,0.826975237,Spin,2361,426
1647316095,0.824200153,Spin,2363,424
1647316097,0.839463118,Spin,2365,422
1647316099,0.875539219,Spin,2367,420
1647316101,0.865826423,Spin,2369,418
1647316103,0.874151677,Spin,2371,416
1647316105,0.879701846,Spin,2373,414
1647316107,0.896352355,Spin,2375,412
1647316110,0.892189727,Spin,2378,409
1647316112,0.890802185,Spin,2380,407
1647316114,0.904677609,Spin,2382,405
1647316116,0.947691421,Spin,2384,403
1647316118,0.949078964,Spin,2386,401
1647316120,0.953241591,Spin,2388,399
1647316122,0.980992438,Spin,2390,397
1647316124,0.985155065,Spin,2392,395
1647316126,0.994867861,Spin,2394,393
1647316128,0.980992438,Spin,2396,391
1647316130,0.997642946,Spin,2398,389
1647316132,1.02955642,Spin,2400,387
1647316134,1.042044301,Spin,2402,385
1647316136,1.069795148,Spin,2404,383
1647316138,1.051757097,Spin,2406,381
1647316140,1.050369555,Spin,2408,379
1647316142,1.096158452,Spin,2410,377
1647316144,1.082283029,Spin,2412,375
1647316146,1.093383367,Spin,2414,373
1647316148,1.101708621,Spin,2416,371
1647316150,1.122521757,Spin,2418,369
1647316152,1.119746672,Spin,2420,367
1647316154,1.133622095,Spin,2422,365
1647316156,1.148885061,Spin,2424,363
1647316158,1.157210315,Spin,2426,361
1647316160,1.148885061,Spin,2428,359
1647316162,1.175248366,Spin,2430,357
1647316164,1.202999213,Spin,2432,355
1647316166,1.209936924,Spin,2434,353
1647316168,1.215487094,Spin,2436,351
1647316170,1.227974975,Spin,2438,349
1647316172,1.244625483,Spin,2440,347
1647316174,1.289026838,Spin,2442,345
1647316176,1.287639296,Spin,2444,343
1647316178,1.283476669,Spin,2446,341
1647316180,1.29596455,Spin,2448,339
1647316182,1.309839973,Spin,2450,337
1647316184,1.312615058,Spin,2452,335
1647316186,1.312615058,Spin,2454,333
1647316188,1.343140989,Spin,2456,331
1647316190,1.370891836,Spin,2458,329
1647316192,1.400030226,Spin,2460,327
1647316194,1.40280531,Spin,2462,325
1647316196,1.398642683,Spin,2464,323
1647316198,1.419455818,Spin,2466,321
1647316200,1.351466243,Spin,2468,319
1647316202,1.141947349,Spin,2470,317
1647316204,1.093383367,Spin,2472,315
1647316206,1.190511332,Spin,2474,313
1647316208,1.20716184,Spin,2476,311
1647316210,1.341753447,Spin,2478,309
1647316212,1.516583782,Spin,2480,307
1647316214,1.576248103,Spin,2482,305
1647316216,1.502708359,Spin,2484,303
1647316218,1.433331242,Spin,2486,301
1647316220,1.504095901,Spin,2488,299
1647316222,1.566535307,Spin,2490,297
1647316224,1.554047426,Spin,2492,295
1647316226,1.541559545,Spin,2494,293
1647316228,1.569310392,Spin,2496,291
1647316230,1.592898611,Spin,2498,289
1647316232,1.60399895,Spin,2500,287
1647316234,1.606774035,Spin,2502,285
1647316236,1.62758717,Spin,2504,283
1647316238,1.64562522,Spin,2506,281
1647316240,1.641462593,Spin,2508,279
1647316242,1.688639033,Spin,2510,277
1647316244,1.708064626,Spin,2512,275
1647316246,1.635912424,Spin,2514,273
1647316248,1.336203278,Spin,2516,271
1647316250,1.358403955,Spin,2518,269
1647316252,1.474957512,Spin,2520,267
1647316254,1.47356997,Spin,2522,265
1647316256,1.373666921,Spin,2524,263
1647316258,1.362566582,Spin,2526,261
1647316260,1.416680734,Spin,2528,259
1647316262,1.415293191,Spin,2530,257
1647316264,1.412518107,Spin,2532,255
1647316266,1.40280531,Spin,2534,253
1647316268,1.388929887,Spin,2536,251
1647316270,1.390317429,Spin,2538,249
1647316272,1.358403955,Spin,2540,247
1647316274,1.380604633,Spin,2542,245
1647316276,1.377829548,Spin,2544,243
1647316278,1.388929887,Spin,2546,241
1647316280,1.376442006,Spin,2548,239
1647316282,1.370891836,Spin,2550,237
1647316284,1.397255141,Spin,2552,235
1647316286,1.397255141,Spin,2554,233
1647316288,1.355628871,Spin,2556,231
1647316290,1.551272341,Spin,2558,229
1647316292,1.794092251,Spin,2560,227
1647316294,1.827393268,Spin,2562,225
1647316296,1.706677084,Spin,2564,223
1647316298,1.708064626,Spin,2566,221
1647316300,1.746915812,Spin,2568,219
1647316302,1.788542082,Spin,2570,217
1647316304,1.785766997,Spin,2572,215
1647316306,1.785766997,Spin,2574,213
1647316308,1.78715454,Spin,2576,211
1647316310,1.824618183,Spin,2578,209
1647316312,1.848206403,Spin,2580,207
1647316314,1.855144115,Spin,2582,205
1647316316,1.864856911,Spin,2584,203
1647316318,1.864856911,Spin,2586,201
1647316320,1.914808435,Spin,2588,199
1647316322,1.95920979,Spin,2590,197
1647316324,1.931458943,Spin,2592,195
1647316326,1.956434706,Spin,2594,193
1647316328,1.950884536,Spin,2596,191
1647316330,0.208131352,Spin,2598,189
1647316332,0.210906436,Spin,2600,187
1647316334,0.212293979,Spin,2602,185
1647316336,0.20119364,Spin,2604,183
1647316338,0.20119364,Spin,2606,181
1647316340,0.202581182,Spin,2608,179
1647316342,0.202581182,Spin,2610,177
1647316344,0.209518894,Spin,2612,175
1647316346,0.217844148,Spin,2614,173
1647316348,0.227556944,Spin,2616,171
1647316350,0.208131352,Spin,2618,169
1647316352,0.195643471,Spin,2620,167
1647316354,0.206743809,Spin,2622,165
1647316356,0.195643471,Spin,2624,163
1647316358,0.202581182,Spin,2626,161
1647316360,0.20119364,Spin,2628,159
1647316362,0.208131352,Spin,2630,157
1647316364,0.198418555,Spin,2632,155
1647316366,0.217844148,Spin,2634,153
1647316369,0.199806098,Spin,2637,150
1647316371,0.216456606,Spin,2639,148
1647316373,0.202581182,Spin,2641,146
1647316375,0.192868386,Spin,2643,144
1647316377,0.198418555,Spin,2645,142
1647316379,0.208131352,Spin,2647,140
1647316381,0.209518894,Spin,2649,138
1647316383,0.199806098,Spin,2651,136
1647316385,0.191480844,Spin,2653,134
1647316387,0.199806098,Spin,2655,132
1647316389,0.206743809,Spin,2657,130
1647316391,0.255307791,Spin,2659,128
1647316393,0.113778472,Spin,2661,126
1647316395,0.106840761,Spin,2663,124
1647316397,0.111003388,Spin,2665,122
1647316399,0.11239093,Spin,2667,120
1647316401,0.108228303,Spin,2669,118
1647316403,0.106840761,Spin,2671,116
1647316405,0.106840761,Spin,2673,114
1647316407,0.106840761,Spin,2675,112
1647316409,0.106840761,Spin,2677,110
1647316411,0.106840761,Spin,2679,108
1647316413,0.104065676,Spin,2681,106
1647316415,0.108228303,Spin,2683,104
1647316417,0.109615845,Spin,2685,102
1647316419,0.108228303,Spin,2687,100
1647316421,0.105453218,Spin,2689,98
1647316423,0.105453218,Spin,2691,96
1647316425,0.105453218,Spin,2693,94
1647316427,0.106840761,Spin,2695,92
1647316429,0.109615845,Spin,2697,90
1647316431,0.105453218,Spin,2699,88
1647316433,0.106840761,Spin,2701,86
1647316435,0.105453218,Spin,2703,84
1647316437,0.105453218,Spin,2705,82
1647316439,0.105453218,Spin,2707,80
1647316441,0.105453218,Spin,2709,78
1647316443,0.106840761,Spin,2711,76
1647316445,0.105453218,Spin,2713,74
1647316447,0.101290591,Spin,2715,72
1647316449,0.106840761,Spin,2717,70
1647316451,0.101290591,Spin,2719,68
1647316453,0.106840761,Spin,2721,66
1647316455,0.105453218,Spin,2723,64
1647316457,0.105453218,Spin,2725,62
1647316459,0.104065676,Spin,2727,60
1647316461,0.105453218,Spin,2729,58
1647316463,0.104065676,Spin,2731,56
1647316465,0.104065676,Spin,2733,54
1647316467,0.105453218,Spin,2735,52
1647316469,0.105453218,Spin,2737,50
1647316471,0.105453218,Spin,2739,48
1647316473,0.105453218,Spin,2741,46
1647316475,0.109615845,Spin,2743,44
1647316477,0.108228303,Spin,2745,42
1647316479,0.101290591,Spin,2747,40
1647316481,0.105453218,Spin,2749,38
1647316483,0.106840761,Spin,2751,36
1647316485,0.101290591,Spin,2753,34
1647316487,0.106840761,Spin,2755,32
1647316489,0.106840761,Spin,2757,30
1647316491,0.105453218,Spin,2759,28
1647316493,0.104065676,Spin,2761,26
1647316495,0.105453218,Spin,2763,24
1647316497,0.106840761,Spin,2765,22
1647316499,0.105453218,Spin,2767,20
1647316501,0.102678133,Spin,2769,18
1647316503,0.102678133,Spin,2771,16
1647316505,0.104065676,Spin,2773,14
1647316507,0.108228303,Spin,2775,12
1647316509,0.106840761,Spin,2777,10
1647316511,0.081864998,Idle,2779,8
1647316513,0.080477456,Idle,2781,6
1647316515,0.081864998,Idle,2783,4
1647316517,0.079089914,Idle,2785,2
1647316519,0.083252541,Idle,2787,0